"ID","釣り方","レベル","種類","メーカー","商品名","番手・モデル","商品画像URL","状態"
"001","エギング","初級者","ロッド","DAIWA","エメラルダス X 83ML","83ML","https://hbb.afl.rakuten.co.jp/hgb/569c27c2.a90de95f.569c27c3.6b55682b/?me_id=1191201&item_id=12767975&pc=https%3A%2F%2Fthumbnail.image.rakuten.co.jp%2F%400_mall%2Fpoint%2Fcabinet%2F793%2F4550133440793.jpg%3F_ex%3D240x240&s=240x240&t=pict","設定済み"
"002","エギング","初級者","ロッド","SHIMANO","セフィア BB","S83ML","https://hbb.afl.rakuten.co.jp/hgb/569c1367.468ae0af.569c1368.531b155e/?me_id=1210725&item_id=10162615&pc=https%3A%2F%2Fthumbnail.image.rakuten.co.jp%2F%400_mall%2Ffishing-you%2Fcabinet%2Fitem492%2F4969363354020_1.jpg%3F_ex%3D240x240&s=240x240&t=pict","設定済み"
"003","エギング","初級者","リール","DAIWA","クレスト LT2500S-XH","LT2500S-XH","https://hbb.afl.rakuten.co.jp/hgb/569c27c2.a90de95f.569c27c3.6b55682b/?me_id=1191201&item_id=12611144&pc=https%3A%2F%2Fthumbnail.image.rakuten.co.jp%2F%400_mall%2Fpoint%2Fcabinet%2F431%2F4960652309431.jpg%3F_ex%3D240x240&s=240x240&t=pict","設定済み"
"004","エギング","初級者","リール","SHIMANO","シエナ","C3000","https://hbb.afl.rakuten.co.jp/hgb/569c28a4.76d20d82.569c28a5.6b7dc3fc/?me_id=1271939&item_id=10248668&pc=https%3A%2F%2Fthumbnail.image.rakuten.co.jp%2F%400_mall%2Ffishingmax-webshop%2Fcabinet%2Fitmimg%2F01248%2F124897_1.jpg%3F_ex%3D240x240&s=240x240&t=pict","設定済み"
"005","エギング","中級者","ロッド","DAIWA","エメラルダス AIR","8ft前後・ML〜MLMクラス","https://hbb.afl.rakuten.co.jp/hgb/569d3d17.32c04010.569d3d18.f33c3d6e/?me_id=1418890&item_id=10014274&pc=https%3A%2F%2Fthumbnail.image.rakuten.co.jp%2F%400_mall%2Fyokootsurigu%2Fcabinet%2Fimage_06%2F4550133339271.jpg%3F_ex%3D240x240&s=240x240&t=pict","設定済み"
"006","エギング","中級者","ロッド","SHIMANO","セフィア XR","S86ML","https://hbb.afl.rakuten.co.jp/hgb/569c1367.468ae0af.569c1368.531b155e/?me_id=1210725&item_id=10143279&pc=https%3A%2F%2Fthumbnail.image.rakuten.co.jp%2F%400_mall%2Ffishing-you%2Fcabinet%2Fitem420%2F4969363302762_1.jpg%3F_ex%3D240x240&s=240x240&t=pict","設定済み"
"007","エギング","中級者","リール","DAIWA","25 エメラルダス AIR LT2500S","LT2500S","https://hbb.afl.rakuten.co.jp/hgb/569c2aea.3c718ba1.569c2aec.7f9fff91/?me_id=1311623&item_id=10580685&pc=https%3A%2F%2Fimage.rakuten.co.jp%2Fcasting%2Fcabinet%2Fxm320%2F4550133579561-1.jpg%3F_ex%3D240x240&s=240x240&t=pict","設定済み"
"008","エギング","中級者","リール","SHIMANO","ストラディック","C3000","https://hbb.afl.rakuten.co.jp/hgb/569d3f05.45ab33b1.569d3f06.0460164c/?me_id=1306383&item_id=10111070&pc=https%3A%2F%2Fthumbnail.image.rakuten.co.jp%2F%400_mall%2Fangle%2Fcabinet%2Fnew_d230628%2F4969363045867.jpg%3F_ex%3D240x240&s=240x240&t=pict","設定済み"
"009","エギング","上級者","ロッド","DAIWA","エメラルダス STOIST RT 88ML","88ML","https://hbb.afl.rakuten.co.jp/hgb/569c27c2.a90de95f.569c27c3.6b55682b/?me_id=1191201&item_id=12800238&pc=https%3A%2F%2Fthumbnail.image.rakuten.co.jp%2F%400_mall%2Fpoint%2Fcabinet%2F162%2F4550133129162.jpg%3F_ex%3D240x240&s=240x240&t=pict","設定済み"
"010","エギング","上級者","ロッド","SHIMANO","セフィア リミテッド","S86ML","https://hbb.afl.rakuten.co.jp/hgb/569d40aa.43a588d4.569d40ab.0d37a3ae/?me_id=1333720&item_id=17722298&pc=https%3A%2F%2Fthumbnail.image.rakuten.co.jp%2F%400_mall%2Fpoint-eastjapan%2Fcabinet%2F923%2F4969363277923.jpg%3F_ex%3D240x240&s=240x240&t=pict","設定済み"
"011","エギング","上級者","リール","DAIWA","エアリティ LT2500Sクラス","LT2500S","https://hbb.afl.rakuten.co.jp/hgb/569c2aea.3c718ba1.569c2aec.7f9fff91/?me_id=1311623&item_id=10505436&pc=https%3A%2F%2Fthumbnail.image.rakuten.co.jp%2F%400_mall%2Fcasting%2Fcabinet%2Fxm241%2F4550133110580.jpg%3F_ex%3D240x240&s=240x240&t=pict","設定済み"
"012","エギング","上級者","リール","SHIMANO","ツインパワー","C3000","https://hbb.afl.rakuten.co.jp/hgb/569c31a8.ba41bf59.569c31a9.12ed4d4d/?me_id=1404987&item_id=10007645&pc=https%3A%2F%2Fthumbnail.image.rakuten.co.jp%2F%400_mall%2Fmasubito%2Fcabinet%2Fshohin09%2Fsale4969363046819.jpg%3F_ex%3D240x240&s=240x240&t=pict","設定済み"
"013","アジング","初級者","ロッド","DAIWA","月下美人 AJING","6.3〜7ft前後・UL〜L","https://hbb.afl.rakuten.co.jp/hgb/569c30cb.e9b5cd4b.569c30cc.2ae5a817/?me_id=1196403&item_id=17466495&pc=https%3A%2F%2Fthumbnail.image.rakuten.co.jp%2F%400_mall%2Fnaturum%2Fcabinet%2Fgoods%2F030448%2F93_1.jpg%3F_ex%3D240x240&s=240x240&t=pict","設定済み"
"014","アジング","初級者","ロッド","SHIMANO","ソアレ BB アジング","S64UL","https://hbb.afl.rakuten.co.jp/hgb/569c1367.468ae0af.569c1368.531b155e/?me_id=1210725&item_id=10179166&pc=https%3A%2F%2Fthumbnail.image.rakuten.co.jp%2F%400_mall%2Ffishing-you%2Fcabinet%2Fitem551%2F4969363334756_1.jpg%3F_ex%3D240x240&s=240x240&t=pict","設定済み"
"015","アジング","初級者","リール","DAIWA","23 レガリス","LT2000S-P","https://hbb.afl.rakuten.co.jp/hgb/569c2aea.3c718ba1.569c2aec.7f9fff91/?me_id=1311623&item_id=10520782&pc=https%3A%2F%2Fthumbnail.image.rakuten.co.jp%2F%400_mall%2Fcasting%2Fcabinet%2Fxm264%2F4550133162633.jpg%3F_ex%3D240x240&s=240x240&t=pict","設定済み"
"016","アジング","初級者","リール","SHIMANO","シエナ","C2000","https://hbb.afl.rakuten.co.jp/hgb/569d76a9.ebec042e.569d76aa.9de900e8/?me_id=1366413&item_id=10669456&pc=https%3A%2F%2Fthumbnail.image.rakuten.co.jp%2F%400_mall%2Fnaturum-fishing%2Fcabinet%2Fgoods%2F029806%2F52_1.jpg%3F_ex%3D240x240&s=240x240&t=pict","設定済み"
"017","アジング","中級者","ロッド","DAIWA","月下美人 AIR","6ft台・UL〜L","https://hbb.afl.rakuten.co.jp/hgb/569c2aea.3c718ba1.569c2aec.7f9fff91/?me_id=1311623&item_id=10548448&pc=https%3A%2F%2Fthumbnail.image.rakuten.co.jp%2F%400_mall%2Fcasting%2Fcabinet%2Fxm278%2F4550133338311.jpg%3F_ex%3D240x240&s=240x240&t=pict","設定済み"
"018","アジング","中級者","ロッド","SHIMANO","ソアレ XR アジング","S64L","https://hbb.afl.rakuten.co.jp/hgb/569c27c2.a90de95f.569c27c3.6b55682b/?me_id=1191201&item_id=12624165&pc=https%3A%2F%2Fthumbnail.image.rakuten.co.jp%2F%400_mall%2Fpoint%2Fcabinet%2F358%2F4969363354358.jpg%3F_ex%3D240x240&s=240x240&t=pict","設定済み"
"019","アジング","中級者","リール","DAIWA","月下美人 LT2000S","LT2000S","https://hbb.afl.rakuten.co.jp/hgb/569d40aa.43a588d4.569d40ab.0d37a3ae/?me_id=1333720&item_id=17456762&pc=https%3A%2F%2Fthumbnail.image.rakuten.co.jp%2F%400_mall%2Fpoint-eastjapan%2Fcabinet%2F297%2F4550133393297.jpg%3F_ex%3D240x240&s=240x240&t=pict","設定済み"
"020","アジング","中級者","リール","SHIMANO","ヴァンフォード","C2000S","https://hbb.afl.rakuten.co.jp/hgb/569d7d5b.f460a5ec.569d7d5c.e12998cd/?me_id=1261517&item_id=10078199&pc=https%3A%2F%2Fthumbnail.image.rakuten.co.jp%2F%400_mall%2Fmarunishi%2Fcabinet%2Fneko26%2F4969363047014.jpg%3F_ex%3D240x240&s=240x240&t=pict","設定済み"
"021","アジング","上級者","ロッド","DAIWA","月下美人 EX","6ft前後・ULクラス","https://hbb.afl.rakuten.co.jp/hgb/569c30cb.e9b5cd4b.569c30cc.2ae5a817/?me_id=1196403&item_id=18725421&pc=https%3A%2F%2Fthumbnail.image.rakuten.co.jp%2F%400_mall%2Fnaturum%2Fcabinet%2Fgoods%2F034878%2F88_1.jpg%3F_ex%3D240x240&s=240x240&t=pict","設定済み"
"022","アジング","上級者","ロッド","SHIMANO","ソアレ リミテッド アジング","S64UL","https://hbb.afl.rakuten.co.jp/hgb/569d76a9.ebec042e.569d76aa.9de900e8/?me_id=1366413&item_id=10918143&pc=https%3A%2F%2Fthumbnail.image.rakuten.co.jp%2F%400_mall%2Fnaturum-fishing%2Fcabinet%2Fgoods%2F034857%2F91_1.jpg%3F_ex%3D240x240&s=240x240&t=pict","設定済み"
"023","アジング","上級者","リール","DAIWA","エアリティ LT2000S系","LT2000S系","https://hbb.afl.rakuten.co.jp/hgb/569c2aea.3c718ba1.569c2aec.7f9fff91/?me_id=1311623&item_id=10505435&pc=https%3A%2F%2Fthumbnail.image.rakuten.co.jp%2F%400_mall%2Fcasting%2Fcabinet%2Fxm241%2F4550133110573.jpg%3F_ex%3D240x240&s=240x240&t=pict","設定済み"
"024","アジング","上級者","リール","SHIMANO","ツインパワー","C2000SS","https://hbb.afl.rakuten.co.jp/hgb/569c30cb.e9b5cd4b.569c30cc.2ae5a817/?me_id=1196403&item_id=18690805&pc=https%3A%2F%2Fthumbnail.image.rakuten.co.jp%2F%400_mall%2Fnaturum%2Fcabinet%2Fgoods%2F034561%2F12_1.jpg%3F_ex%3D240x240&s=240x240&t=pict","設定済み"
"025","メバリング","初級者","ロッド","DAIWA","月下美人 メバル","7ft前後・UL〜L","https://hbb.afl.rakuten.co.jp/hgb/569c30cb.e9b5cd4b.569c30cc.2ae5a817/?me_id=1196403&item_id=17525209&pc=https%3A%2F%2Fthumbnail.image.rakuten.co.jp%2F%400_mall%2Fnaturum%2Fcabinet%2Fgoods%2F030569%2F65_1.jpg%3F_ex%3D240x240&s=240x240&t=pict","設定済み"
"026","メバリング","初級者","ロッド","SHIMANO","ソアレ BB メバリング","S610L","https://hbb.afl.rakuten.co.jp/hgb/569c1367.468ae0af.569c1368.531b155e/?me_id=1210725&item_id=10179167&pc=https%3A%2F%2Fthumbnail.image.rakuten.co.jp%2F%400_mall%2Ffishing-you%2Fcabinet%2Fitem551%2F4969363334763_1.jpg%3F_ex%3D240x240&s=240x240&t=pict","設定済み"
"027","メバリング","初級者","リール","DAIWA","23 レガリス","LT2000S-XH","https://hbb.afl.rakuten.co.jp/hgb/569c2aea.3c718ba1.569c2aec.7f9fff91/?me_id=1311623&item_id=10520783&pc=https%3A%2F%2Fthumbnail.image.rakuten.co.jp%2F%400_mall%2Fcasting%2Fcabinet%2Fxm264%2F4550133162640.jpg%3F_ex%3D240x240&s=240x240&t=pict","設定済み"
"028","メバリング","初級者","リール","SHIMANO","シエナ","C2000","https://hbb.afl.rakuten.co.jp/hgb/569d76a9.ebec042e.569d76aa.9de900e8/?me_id=1366413&item_id=10669456&pc=https%3A%2F%2Fthumbnail.image.rakuten.co.jp%2F%400_mall%2Fnaturum-fishing%2Fcabinet%2Fgoods%2F029806%2F52_1.jpg%3F_ex%3D240x240&s=240x240&t=pict","設定済み"
"029","メバリング","中級者","ロッド","DAIWA","月下美人 MX","6.5〜7.5ft・L前後","https://hbb.afl.rakuten.co.jp/hgb/569c2aea.3c718ba1.569c2aec.7f9fff91/?me_id=1311623&item_id=10585765&pc=https%3A%2F%2Fthumbnail.image.rakuten.co.jp%2F%400_mall%2Fcasting%2Fcabinet%2Fxm326%2F4550133338410.jpg%3F_ex%3D240x240&s=240x240&t=pict","設定済み"
"030","メバリング","中級者","ロッド","SHIMANO","ソアレ XR メバリング","S610L","https://hbb.afl.rakuten.co.jp/hgb/569d3d17.32c04010.569d3d18.f33c3d6e/?me_id=1418890&item_id=10011416&pc=https%3A%2F%2Fthumbnail.image.rakuten.co.jp%2F%400_mall%2Fyokootsurigu%2Fcabinet%2Ftop_5%2F4969363334763.jpg%3F_ex%3D240x240&s=240x240&t=pict","設定済み"
"031","メバリング","中級者","リール","DAIWA","月下美人 LT2000S","LT2000S","https://hbb.afl.rakuten.co.jp/hgb/569d40aa.43a588d4.569d40ab.0d37a3ae/?me_id=1333720&item_id=17456762&pc=https%3A%2F%2Fthumbnail.image.rakuten.co.jp%2F%400_mall%2Fpoint-eastjapan%2Fcabinet%2F297%2F4550133393297.jpg%3F_ex%3D240x240&s=240x240&t=pict","設定済み"
"032","メバリング","中級者","リール","SHIMANO","ヴァンフォード","C2000S","https://hbb.afl.rakuten.co.jp/hgb/569c30cb.e9b5cd4b.569c30cc.2ae5a817/?me_id=1196403&item_id=18723224&pc=https%3A%2F%2Fthumbnail.image.rakuten.co.jp%2F%400_mall%2Fnaturum%2Fcabinet%2Fgoods%2F034857%2F14_1.jpg%3F_ex%3D240x240&s=240x240&t=pict","設定済み"
"033","メバリング","上級者","ロッド","DAIWA","月下美人 EX","6〜7ft前後・Lクラス","https://hbb.afl.rakuten.co.jp/hgb/569c30cb.e9b5cd4b.569c30cc.2ae5a817/?me_id=1196403&item_id=18575325&pc=https%3A%2F%2Fthumbnail.image.rakuten.co.jp%2F%400_mall%2Fnaturum%2Fcabinet%2Fgoods%2F033358%2F47_1.jpg%3F_ex%3D240x240&s=240x240&t=pict","設定済み"
"034","メバリング","上級者","ロッド","SHIMANO","ソアレ リミテッド","S76UL","https://hbb.afl.rakuten.co.jp/hgb/569c30cb.e9b5cd4b.569c30cc.2ae5a817/?me_id=1196403&item_id=18723240&pc=https%3A%2F%2Fthumbnail.image.rakuten.co.jp%2F%400_mall%2Fnaturum%2Fcabinet%2Fgoods%2F034857%2F92_1.jpg%3F_ex%3D240x240&s=240x240&t=pict","設定済み"
"035","メバリング","上級者","リール","DAIWA","エアリティ LT2000S系","LT2000S系","https://hbb.afl.rakuten.co.jp/hgb/569c2aea.3c718ba1.569c2aec.7f9fff91/?me_id=1311623&item_id=10505435&pc=https%3A%2F%2Fthumbnail.image.rakuten.co.jp%2F%400_mall%2Fcasting%2Fcabinet%2Fxm241%2F4550133110573.jpg%3F_ex%3D240x240&s=240x240&t=pict","設定済み"
"036","メバリング","上級者","リール","SHIMANO","ツインパワー","C2000SS","https://hbb.afl.rakuten.co.jp/hgb/569d7d5b.f460a5ec.569d7d5c.e12998cd/?me_id=1261517&item_id=10083057&pc=https%3A%2F%2Fthumbnail.image.rakuten.co.jp%2F%400_mall%2Fmarunishi%2Fcabinet%2Fneko32%2F4969363049216.jpg%3F_ex%3D240x240&s=240x240&t=pict","設定済み"
"037","シーバス","初級者","ロッド","DAIWA","ルアーニスト 86ML","86ML","","未設定"
"038","シーバス","初級者","ロッド","SHIMANO","エクスセンス BB","S86ML","","未設定"
"039","シーバス","初級者","リール","DAIWA","23 レガリス","LT3000-CXH","","未設定"
"040","シーバス","初級者","リール","SHIMANO","シエナ","C3000","","未設定"
"041","シーバス","中級者","ロッド","DAIWA","ラテオ 86ML・K","86ML・K","","未設定"
"042","シーバス","中級者","ロッド","SHIMANO","エクスセンス ジェノス","S86ML","","未設定"
"043","シーバス","中級者","リール","DAIWA","セルテート LT3000-XH","LT3000-XH","","未設定"
"044","シーバス","中級者","リール","SHIMANO","ストラディック","C3000MHG","","未設定"
"045","シーバス","上級者","ロッド","DAIWA","モアザン 86ML","86ML","","未設定"
"046","シーバス","上級者","ロッド","SHIMANO","エクスセンス ∞(インフィニティ)","S86ML","","未設定"
"047","シーバス","上級者","リール","DAIWA","セルテート LT3000-XH","LT3000-XH","","未設定"
"048","シーバス","上級者","リール","SHIMANO","ツインパワー","C3000MHG","","未設定"
"049","ライトショアジギング","初級者","ロッド","DAIWA","ルアーニスト 96M","96M","","未設定"
"050","ライトショアジギング","初級者","ロッド","SHIMANO","コルトスナイパー BB","S96M","","未設定"
"051","ライトショアジギング","初級者","リール","DAIWA","23 レガリス","LT4000-CXH","","未設定"
"052","ライトショアジギング","初級者","リール","SHIMANO","サハラ","C5000","","未設定"
"053","ライトショアジギング","中級者","ロッド","DAIWA","ドラッガー X 96ML","96ML","","未設定"
"054","ライトショアジギング","中級者","ロッド","SHIMANO","コルトスナイパー XR","S96ML","","未設定"
"055","ライトショアジギング","中級者","リール","DAIWA","レグザ LT4000-CXH","LT4000-CXH","","未設定"
"056","ライトショアジギング","中級者","リール","SHIMANO","ストラディック","C5000XG","","未設定"
"057","ライトショアジギング","上級者","ロッド","DAIWA","ドラッガー SX","9.6ft前後・ML〜M","","未設定"
"058","ライトショアジギング","上級者","ロッド","SHIMANO","コルトスナイパー XR","S100MH","","未設定"
"059","ライトショアジギング","上級者","リール","DAIWA","セルテート LT4000-CXH","LT4000-CXH","","未設定"
"060","ライトショアジギング","上級者","リール","SHIMANO","ツインパワー SW","5000HG","","未設定"
"061","ショアジギング","初級者","ロッド","DAIWA","ショアジギング X 96M","96M","","未設定"
"062","ショアジギング","初級者","ロッド","SHIMANO","コルトスナイパー BB","S100MH","","未設定"
"063","ショアジギング","初級者","リール","DAIWA","24 レブロス","LT5000-CXH","","未設定"
"064","ショアジギング","初級者","リール","SHIMANO","サハラ","C5000","","未設定"
"065","ショアジギング","中級者","ロッド","DAIWA","ドラッガー X 96M","96M","","未設定"
"066","ショアジギング","中級者","ロッド","SHIMANO","コルトスナイパー XR","S96M","","未設定"
"067","ショアジギング","中級者","リール","DAIWA","セルテート LT5000D-CXH","LT5000D-CXH","","未設定"
"068","ショアジギング","中級者","リール","SHIMANO","ストラディック SW","5000XG","","未設定"
"069","ショアジギング","上級者","ロッド","DAIWA","ドラッガー SX","9.6〜10.0ft・M〜MH","","未設定"
"070","ショアジギング","上級者","ロッド","SHIMANO","コルトスナイパー XR","S100XH","","未設定"
"071","ショアジギング","上級者","リール","DAIWA","セルテート SW 5000〜6000番クラス","SW 5000〜6000番クラス","","未設定"
"072","ショアジギング","上級者","リール","SHIMANO","ツインパワー SW","5000〜8000HG","","未設定"
"073","チニング","初級者","ロッド","DAIWA","シルバーウルフ 73LML-S","73LML-S","","未設定"
"074","チニング","初級者","ロッド","SHIMANO","ブレニアス BB","S610L","","未設定"
"075","チニング","初級者","リール","DAIWA","23 レガリス","LT2500S-XH","","未設定"
"076","チニング","初級者","リール","SHIMANO","シエナ","C3000","","未設定"
"077","チニング","中級者","ロッド","DAIWA","シルバーウルフ MX 82ML","82ML","","未設定"
"078","チニング","中級者","ロッド","SHIMANO","ブレニアス BB","S79ML","","未設定"
"079","チニング","中級者","リール","DAIWA","25セルテート LT3000-XH","LT3000-XH","","未設定"
"080","チニング","中級者","リール","SHIMANO","ストラディック","C3000","","未設定"
"081","チニング","上級者","ロッド","DAIWA","シルバーウルフ EX","7.0〜7.6ft・ML","","未設定"
"082","チニング","上級者","ロッド","SHIMANO","ブレニアス エクスチューン","S79ML","","未設定"
"083","チニング","上級者","リール","DAIWA","シルバーウルフ SV TW PE SPECIAL","SV TW PE SPECIAL","","未設定"
"084","チニング","上級者","リール","SHIMANO","アルデバラン BFS","XG","","未設定"
"085","ロックフィッシュ","初級者","ロッド","DAIWA","HRF 79M","79M","","未設定"
"086","ロックフィッシュ","初級者","ロッド","SHIMANO","ハードロッカー BB","S79M","","未設定"
"087","ロックフィッシュ","初級者","リール","DAIWA","24 レブロス","LT3000-CXH","","未設定"
"088","ロックフィッシュ","初級者","リール","SHIMANO","サハラ","C3000","","未設定"
"089","ロックフィッシュ","中級者","ロッド","DAIWA","HRF 86MHB","86MHB","","未設定"
"090","ロックフィッシュ","中級者","ロッド","SHIMANO","ハードロッカー SS","S86MH","","未設定"
"091","ロックフィッシュ","中級者","リール","DAIWA","タトゥーラ SV TW","SV TW","","未設定"
"092","ロックフィッシュ","中級者","リール","SHIMANO","SLX","DC","","未設定"
"093","ロックフィッシュ","上級者","ロッド","DAIWA","HRF AIR 86MHB","86MHB","","未設定"
"094","ロックフィッシュ","上級者","ロッド","SHIMANO","ハードロッカー エクスチューン","S86MH","","未設定"
"095","ロックフィッシュ","上級者","リール","DAIWA","ジリオン TW HD","TW HD","","未設定"
"096","ロックフィッシュ","上級者","リール","SHIMANO","スコーピオン MD","MD","","未設定"
"097","バス釣り","初級者","ロッド","DAIWA","バス X","6.6ft前後・ML","","未設定"
"098","バス釣り","初級者","ロッド","SHIMANO","バスワン XT+","S66ML","","未設定"
"099","バス釣り","初級者","リール","DAIWA","23 レガリス","LT2500S-XH","","未設定"
"100","バス釣り","初級者","リール","SHIMANO","サハラ","C2500","","未設定"
"101","バス釣り","中級者","ロッド","DAIWA","タトゥーラ","6.6〜7ft・ML〜M","","未設定"
"102","バス釣り","中級者","ロッド","SHIMANO","エクスプライド","166ML","","未設定"
"103","バス釣り","中級者","リール","DAIWA","タトゥーラ SV TW","SV TW","","未設定"
"104","バス釣り","中級者","リール","SHIMANO","バスワン XT","バスワンXT","","未設定"
"105","バス釣り","上級者","ロッド","DAIWA","スティーズ（ベイトキャスティングモデル）","用途別専用モデル","","未設定"
"106","バス釣り","上級者","ロッド","SHIMANO","ポイズンアドレナ","用途別専用モデル","","未設定"
"107","バス釣り","上級者","リール","DAIWA","スティーズ SV TW","SV TW","","未設定"
"108","バス釣り","上級者","リール","SHIMANO","アンタレス DC","アンタレスDC","","未設定"
"109","サビキ釣り","初級者","ロッド","DAIWA","リバティクラブ 小継磯 2-330","2-330","","未設定"
"110","サビキ釣り","初級者","ロッド","SHIMANO","ホリデー磯","1.5-330","","未設定"
"111","サビキ釣り","中級者","ロッド","DAIWA","リバティクラブ 磯風","3号前後・3.6〜4.5m","","未設定"
"112","サビキ釣り","中級者","ロッド","SHIMANO","ホリデー磯","2-450","","未設定"
"113","サビキ釣り","上級者","ロッド","DAIWA","波濤 1.5-45・N","1.5-45・N","","未設定"
"114","サビキ釣り","上級者","ロッド","SHIMANO","磯 遠投 AX","1.5-450","","未設定"
